Index,CorrectedValue
0,0.0000
1,0.0000
2,0.0000
3,0.2958
4,1.4613
5,2.6267
6,3.7921
7,4.9574
8,6.1228
9,7.2881
10,8.4535
11,9.6188
12,10.7841
13,11.9494
14,13.1146
15,14.2799
16,15.4451
17,16.6103
18,17.7755
19,18.9407
20,20.1059
21,21.2711
22,22.4362
23,23.6013
24,24.7664
25,25.9315
26,27.0966
27,28.2617
28,29.4267
29,30.5918
30,31.7568
31,32.9218
32,34.0868
33,35.2518
34,36.4167
35,37.5817
36,38.7466
37,39.9116
38,41.0765
39,42.2413
40,43.4062
41,44.5711
42,45.7359
43,46.9008
44,48.0656
45,49.2304
46,50.3952
47,51.5599
48,52.7247
49,53.8894
50,55.0542
51,56.2189
52,57.3836
53,58.5483
54,59.7129
55,60.8776
56,62.0422
57,63.2069
58,64.3715
59,65.5361
60,66.7007
61,67.8653
62,69.0298
63,70.1944
64,71.3589
65,72.5234
66,73.6879
67,74.8524
68,76.0169
69,77.1814
70,78.3458
71,79.5102
72,80.6747
73,81.8391
74,83.0035
75,84.1678
76,85.3322
77,86.4966
78,87.6609
79,88.8252
80,89.9895
81,91.1538
82,92.3181
83,93.4824
84,94.6467
85,95.8109
86,96.9751
87,98.1394
88,99.3036
89,100.4678
90,101.6319
91,102.7961
92,103.9603
93,105.1244
94,106.2885
95,107.4526
96,108.6167
97,109.7808
98,110.9449
99,112.1090
100,113.2730
101,114.4371
102,115.6011
103,116.7651
104,117.9291
105,119.0931
106,120.2570
107,121.4210
108,122.5850
109,123.7489
110,124.9128
111,126.0767
112,127.2406
113,128.4045
114,129.5684
115,130.7322
116,131.8961
117,133.0599
118,134.2237
119,135.3875
120,136.5513
121,137.7151
122,138.8789
123,140.0427
124,141.2064
125,142.3701
126,143.5339
127,144.6976
128,145.8613
129,147.0250
130,148.1886
131,149.3523
132,150.5159
133,151.6796
134,152.8432
135,154.0068
136,155.1704
137,156.3340
138,157.4976
139,158.6612
140,159.8247
141,160.9883
142,162.1518
143,163.3153
144,164.4788
145,165.6423
146,166.8058
147,167.9693
148,169.1327
149,170.2962
150,171.4596
151,172.6230
152,173.7865
153,174.9499
154,176.1133
155,177.2766
156,178.4400
157,179.6034
158,180.7667
159,181.9300
160,183.0934
161,184.2567
162,185.4200
163,186.5833
164,187.7465
165,188.9098
166,190.0731
167,191.2363
168,192.3995
169,193.5628
170,194.7260
171,195.8892
172,197.0524
173,198.2155
174,199.3787
175,200.5419
176,201.7050
177,202.8681
178,204.0313
179,205.1944
180,206.3575
181,207.5206
182,208.6837
183,209.8467
184,211.0098
185,212.1728
186,213.3359
187,214.4989
188,215.6619
189,216.8249
190,217.9879
191,219.1509
192,220.3139
193,221.4768
194,222.6398
195,223.8027
196,224.9656
197,226.1286
198,227.2915
199,228.4544
200,229.6173
201,230.7801
202,231.9430
203,233.1059
204,234.2687
205,235.4316
206,236.5944
207,237.7572
208,238.9200
209,240.0828
210,241.2456
211,242.4084
212,243.5711
213,244.7339
214,245.8966
215,247.0594
216,248.2221
217,249.3848
218,250.5475
219,251.7102
220,252.8729
221,254.0356
222,255.1982
223,256.3609
224,257.5236
225,258.6862
226,259.8488
227,261.0114
228,262.1740
229,263.3366
230,264.4992
231,265.6618
232,266.8244
233,267.9869
234,269.1495
235,270.3120
236,271.4746
237,272.6371
238,273.7996
239,274.9621
240,276.1246
241,277.2871
242,278.4495
243,279.6120
244,280.7745
245,281.9369
246,283.0993
247,284.2618
248,285.4242
249,286.5866
250,287.7490
251,288.9114
252,290.0737
253,291.2361
254,292.3985
255,293.5608
256,294.7232
257,295.8855
258,297.0478
259,298.2102
260,299.3725
261,300.5348
262,301.6970
263,302.8593
264,304.0216
265,305.1839
266,306.3461
267,307.5083
268,308.6706
269,309.8328
270,310.9950
271,312.1572
272,313.3194
273,314.4816
274,315.6438
275,316.8060
276,317.9681
277,319.1303
278,320.2924
279,321.4546
280,322.6167
281,323.7788
282,324.9409
283,326.1030
284,327.2651
285,328.4272
286,329.5893
287,330.7514
288,331.9134
289,333.0755
290,334.2375
291,335.3996
292,336.5616
293,337.7236
294,338.8856
295,340.0476
296,341.2096
297,342.3716
298,343.5336
299,344.6955
300,345.8575
301,347.0194
302,348.1814
303,349.3433
304,350.5052
305,351.6672
306,352.8291
307,353.9910
308,355.1529
309,356.3148
310,357.4766
311,358.6385
312,359.8004
313,360.9622
314,362.1241
315,363.2859
316,364.4477
317,365.6095
318,366.7714
319,367.9332
320,369.0950
321,370.2567
322,371.4185
323,372.5803
324,373.7421
325,374.9038
326,376.0656
327,377.2273
328,378.3890
329,379.5508
330,380.7125
331,381.8742
332,383.0359
333,384.1976
334,385.3593
335,386.5210
336,387.6826
337,388.8443
338,390.0060
339,391.1676
340,392.3292
341,393.4909
342,394.6525
343,395.8141
344,396.9757
345,398.1373
346,399.2989
347,400.4605
348,401.6221
349,402.7837
350,403.9452
351,405.1068
352,406.2684
353,407.4299
354,408.5914
355,409.7530
356,410.9145
357,412.0760
358,413.2375
359,414.3990
360,415.5605
361,416.7220
362,417.8835
363,419.0449
364,420.2064
365,421.3679
366,422.5293
367,423.6907
368,424.8522
369,426.0136
370,427.1750
371,428.3364
372,429.4978
373,430.6592
374,431.8206
375,432.9820
376,434.1434
377,435.3048
378,436.4661
379,437.6275
380,438.7888
381,439.9502
382,441.1115
383,442.2729
384,443.4342
385,444.5955
386,445.7568
387,446.9181
388,448.0794
389,449.2407
390,450.4020
391,451.5632
392,452.7245
393,453.8858
394,455.0470
395,456.2083
396,457.3695
397,458.5307
398,459.6920
399,460.8532
400,462.0144
401,463.1756
402,464.3368
403,465.4980
404,466.6592
405,467.8204
406,468.9815
407,470.1427
408,471.3039
409,472.4650
410,473.6262
411,474.7873
412,475.9485
413,477.1096
414,478.2707
415,479.4318
416,480.5929
417,481.7540
418,482.9151
419,484.0762
420,485.2373
421,486.3984
422,487.5594
423,488.7205
424,489.8816
425,491.0426
426,492.2037
427,493.3647
428,494.5257
429,495.6868
430,496.8478
431,498.0088
432,499.1698
433,500.3308
434,501.4918
435,502.6528
436,503.8138
437,504.9747
438,506.1357
439,507.2967
440,508.4576
441,509.6186
442,510.7795
443,511.9405
444,513.1014
445,514.2623
446,515.4232
447,516.5842
448,517.7451
449,518.9060
450,520.0669
451,521.2277
452,522.3886
453,523.5495
454,524.7104
455,525.8712
456,527.0321
457,528.1930
458,529.3538
459,530.5147
460,531.6755
461,532.8363
462,533.9971
463,535.1580
464,536.3188
465,537.4796
466,538.6404
467,539.8012
468,540.9620
469,542.1227
470,543.2835
471,544.4443
472,545.6051
473,546.7658
474,547.9266
475,549.0873
476,550.2481
477,551.4088
478,552.5695
479,553.7303
480,554.8910
481,556.0517
482,557.2124
483,558.3731
484,559.5338
485,560.6945
486,561.8552
487,563.0159
488,564.1765
489,565.3372
490,566.4979
491,567.6585
492,568.8192
493,569.9798
494,571.1405
495,572.3011
496,573.4617
497,574.6224
498,575.7830
499,576.9436
500,578.1042
501,579.2648
502,580.4254
503,581.5860
504,582.7466
505,583.9072
506,585.0677
507,586.2283
508,587.3889
509,588.5494
510,589.7100
511,590.8705
512,592.0311
513,593.1916
514,594.3521
515,595.5127
516,596.6732
517,597.8337
518,598.9942
519,600.1547
520,601.3152
521,602.4757
522,603.6362
523,604.7967
524,605.9572
525,607.1176
526,608.2781
527,609.4386
528,610.5990
529,611.7595
530,612.9199
531,614.0803
532,615.2408
533,616.4012
534,617.5616
535,618.7221
536,619.8825
537,621.0429
538,622.2033
539,623.3637
540,624.5241
541,625.6845
542,626.8449
543,628.0052
544,629.1656
545,630.3260
546,631.4863
547,632.6467
548,633.8071
549,634.9674
550,636.1277
551,637.2881
552,638.4484
553,639.6087
554,640.7691
555,641.9294
556,643.0897
557,644.2500
558,645.4103
559,646.5706
560,647.7309
561,648.8912
562,650.0515
563,651.2117
564,652.3720
565,653.5323
566,654.6925
567,655.8528
568,657.0130
569,658.1733
570,659.3335
571,660.4938
572,661.6540
573,662.8142
574,663.9745
575,665.1347
576,666.2949
577,667.4551
578,668.6153
579,669.7755
580,670.9357
581,672.0959
582,673.2561
583,674.4162
584,675.5764
585,676.7366
586,677.8967
587,679.0569
588,680.2171
589,681.3772
590,682.5373
591,683.6975
592,684.8576
593,686.0177
594,687.1779
595,688.3380
596,689.4981
597,690.6582
598,691.8183
599,692.9784
600,694.1385
601,695.2986
602,696.4587
603,697.6188
604,698.7789
605,699.9389
606,701.0990
607,702.2591
608,703.4191
609,704.5792
610,705.7392
611,706.8993
612,708.0593
613,709.2193
614,710.3794
615,711.5394
616,712.6994
617,713.8594
618,715.0194
619,716.1794
620,717.3394
621,718.4994
622,719.6594
623,720.8194
624,721.9794
625,723.1394
626,724.2993
627,725.4593
628,726.6193
629,727.7792
630,728.9392
631,730.0991
632,731.2591
633,732.4190
634,733.5789
635,734.7389
636,735.8988
637,737.0587
638,738.2186
639,739.3786
640,740.5385
641,741.6984
642,742.8583
643,744.0182
644,745.1780
645,746.3379
646,747.4978
647,748.6577
648,749.8175
649,750.9774
650,752.1373
651,753.2971
652,754.4570
653,755.6168
654,756.7767
655,757.9365
656,759.0963
657,760.2562
658,761.4160
659,762.5758
660,763.7356
661,764.8954
662,766.0552
663,767.2150
664,768.3748
665,769.5346
666,770.6944
667,771.8542
668,773.0140
669,774.1738
670,775.3335
671,776.4933
672,777.6531
673,778.8128
674,779.9726
675,781.1323
676,782.2920
677,783.4518
678,784.6115
679,785.7712
680,786.9310
681,788.0907
682,789.2504
683,790.4101
684,791.5698
685,792.7295
686,793.8892
687,795.0489
688,796.2086
689,797.3683
690,798.5279
691,799.6876
692,800.8473
693,802.0070
694,803.1666
695,804.3263
696,805.4859
697,806.6456
698,807.8052
699,808.9648
700,810.1245
701,811.2841
702,812.4437
703,813.6033
704,814.7630
705,815.9226
706,817.0822
707,818.2418
708,819.4014
709,820.5610
710,821.7206
711,822.8801
712,824.0397
713,825.1993
714,826.3589
715,827.5184
716,828.6780
717,829.8375
718,830.9971
719,832.1566
720,833.3162
721,834.4757
722,835.6352
723,836.7948
724,837.9543
725,839.1138
726,840.2733
727,841.4328
728,842.5923
729,843.7518
730,844.9113
731,846.0708
732,847.2303
733,848.3898
734,849.5493
735,850.7088
736,851.8682
737,853.0277
738,854.1871
739,855.3466
740,856.5061
741,857.6655
742,858.8249
743,859.9844
744,861.1438
745,862.3032
746,863.4627
747,864.6221
748,865.7815
749,866.9409
750,868.1003
751,869.2597
752,870.4191
753,871.5785
754,872.7379
755,873.8973
756,875.0566
757,876.2160
758,877.3754
759,878.5347
760,879.6941
761,880.8535
762,882.0128
763,883.1722
764,884.3315
765,885.4908
766,886.6502
767,887.8095
768,888.9688
769,890.1281
770,891.2874
771,892.4467
772,893.6061
773,894.7654
774,895.9246
775,897.0839
776,898.2432
777,899.4025
778,900.5618
779,901.7210
780,902.8803
781,904.0396
782,905.1988
783,906.3581
784,907.5173
785,908.6766
786,909.8358
787,910.9950
788,912.1543
789,913.3135
790,914.4727
791,915.6319
792,916.7911
793,917.9504
794,919.1096
795,920.2687
796,921.4279
797,922.5871
798,923.7463
799,924.9055
800,926.0647
801,927.2238
802,928.3830
803,929.5421
804,930.7013
805,931.8605
806,933.0196
807,934.1787
808,935.3379
809,936.4970
810,937.6561
811,938.8152
812,939.9744
813,941.1335
814,942.2926
815,943.4517
816,944.6108
817,945.7699
818,946.9290
819,948.0880
820,949.2471
821,950.4062
822,951.5652
823,952.7243
824,953.8834
825,955.0424
826,956.2015
827,957.3605
828,958.5196
829,959.6786
830,960.8376
831,961.9966
832,963.1557
833,964.3147
834,965.4737
835,966.6327
836,967.7917
837,968.9507
838,970.1097
839,971.2686
840,972.4276
841,973.5866
842,974.7456
843,975.9045
844,977.0635
845,978.2224
846,979.3814
847,980.5403
848,981.6993
849,982.8582
850,984.0171
851,985.1761
852,986.3350
853,987.4939
854,988.6528
855,989.8117
856,990.9706
857,992.1295
858,993.2884
859,994.4473
860,995.6062
861,996.7650
862,997.9239
863,999.0828
864,1000.2416
865,1001.4005
866,1002.5593
867,1003.7182
868,1004.8770
869,1006.0359
870,1007.1947
871,1008.3535
872,1009.5123
873,1010.6711
874,1011.8299
875,1012.9887
876,1014.1475
877,1015.3063
878,1016.4651
879,1017.6239
880,1018.7827
881,1019.9415
882,1021.1002
883,1022.2590
884,1023.4177
885,1024.5765
886,1025.7352
887,1026.8940
888,1028.0527
889,1029.2114
890,1030.3702
891,1031.5289
892,1032.6876
893,1033.8463
894,1035.0050
895,1036.1637
896,1037.3224
897,1038.4811
898,1039.6398
899,1040.7984
900,1041.9571
901,1043.1158
902,1044.2744
903,1045.4331
904,1046.5917
905,1047.7504
906,1048.9090
907,1050.0676
908,1051.2263
909,1052.3849
910,1053.5435
911,1054.7021
912,1055.8607
913,1057.0193
914,1058.1779
915,1059.3365
916,1060.4951
917,1061.6537
918,1062.8122
919,1063.9708
920,1065.1294
921,1066.2879
922,1067.4465
923,1068.6050
924,1069.7636
925,1070.9221
926,1072.0806
927,1073.2391
928,1074.3977
929,1075.5562
930,1076.7147
931,1077.8732
932,1079.0317
933,1080.1902
934,1081.3486
935,1082.5071
936,1083.6656
937,1084.8241
938,1085.9825
939,1087.1410
940,1088.2994
941,1089.4579
942,1090.6163
943,1091.7747
944,1092.9331
945,1094.0916
946,1095.2500
947,1096.4084
948,1097.5668
949,1098.7252
950,1099.8836
951,1101.0420
952,1102.2003
953,1103.3587
954,1104.5171
955,1105.6754
956,1106.8338
957,1107.9921
958,1109.1505
959,1110.3088
960,1111.4671
961,1112.6255
962,1113.7838
963,1114.9421
964,1116.1004
965,1117.2587
966,1118.4170
967,1119.5753
968,1120.7336
969,1121.8918
970,1123.0501
971,1124.2084
972,1125.3666
973,1126.5249
974,1127.6831
975,1128.8414
976,1129.9996
977,1131.1578
978,1132.3161
979,1133.4743
980,1134.6325
981,1135.7907
982,1136.9489
983,1138.1071
984,1139.2653
985,1140.4234
986,1141.5816
987,1142.7398
988,1143.8979
989,1145.0561
990,1146.2142
991,1147.3724
992,1148.5305
993,1149.6886
994,1150.8467
995,1152.0049
996,1153.1630
997,1154.3211
998,1155.4792
999,1156.6372
1000,1157.7953
1001,1158.9534
1002,1160.1115
1003,1161.2695
1004,1162.4276
1005,1163.5856
1006,1164.7437
1007,1165.9017
1008,1167.0597
1009,1168.2178
1010,1169.3758
1011,1170.5338
1012,1171.6918
1013,1172.8498
1014,1174.0078
1015,1175.1658
1016,1176.3237
1017,1177.4817
1018,1178.6397
1019,1179.7976
1020,1180.9556
1021,1182.1135
1022,1183.2714
1023,1184.4294
1024,1185.5873
1025,1186.7452
1026,1187.9031
1027,1189.0610
1028,1190.2189
1029,1191.3768
1030,1192.5347
1031,1193.6926
1032,1194.8504
1033,1196.0083
1034,1197.1661
1035,1198.3240
1036,1199.4818
1037,1200.6397
1038,1201.7975
1039,1202.9553
1040,1204.1131
1041,1205.2709
1042,1206.4287
1043,1207.5865
1044,1208.7443
1045,1209.9021
1046,1211.0598
1047,1212.2176
1048,1213.3753
1049,1214.5331
1050,1215.6908
1051,1216.8486
1052,1218.0063
1053,1219.1640
1054,1220.3217
1055,1221.4794
1056,1222.6371
1057,1223.7948
1058,1224.9525
1059,1226.1102
1060,1227.2678
1061,1228.4255
1062,1229.5831
1063,1230.7408
1064,1231.8984
1065,1233.0560
1066,1234.2137
1067,1235.3713
1068,1236.5289
1069,1237.6865
1070,1238.8441
1071,1240.0017
1072,1241.1592
1073,1242.3168
1074,1243.4744
1075,1244.6319
1076,1245.7895
1077,1246.9470
1078,1248.1046
1079,1249.2621
1080,1250.4196
1081,1251.5771
1082,1252.7346
1083,1253.8921
1084,1255.0496
1085,1256.2071
1086,1257.3645
1087,1258.5220
1088,1259.6794
1089,1260.8369
1090,1261.9943
1091,1263.1518
1092,1264.3092
1093,1265.4666
1094,1266.6240
1095,1267.7814
1096,1268.9388
1097,1270.0962
1098,1271.2536
1099,1272.4109
1100,1273.5683
1101,1274.7256
1102,1275.8830
1103,1277.0403
1104,1278.1976
1105,1279.3550
1106,1280.5123
1107,1281.6696
1108,1282.8269
1109,1283.9842
1110,1285.1414
1111,1286.2987
1112,1287.4560
1113,1288.6132
1114,1289.7705
1115,1290.9277
1116,1292.0849
1117,1293.2421
1118,1294.3994
1119,1295.5566
1120,1296.7138
1121,1297.8709
1122,1299.0281
1123,1300.1853
1124,1301.3425
1125,1302.4996
1126,1303.6567
1127,1304.8139
1128,1305.9710
1129,1307.1281
1130,1308.2852
1131,1309.4423
1132,1310.5994
1133,1311.7565
1134,1312.9136
1135,1314.0707
1136,1315.2277
1137,1316.3848
1138,1317.5418
1139,1318.6988
1140,1319.8559
1141,1321.0129
1142,1322.1699
1143,1323.3269
1144,1324.4839
1145,1325.6408
1146,1326.7978
1147,1327.9548
1148,1329.1117
1149,1330.2687
1150,1331.4256
1151,1332.5825
1152,1333.7395
1153,1334.8964
1154,1336.0533
1155,1337.2101
1156,1338.3670
1157,1339.5239
1158,1340.6808
1159,1341.8376
1160,1342.9945
1161,1344.1513
1162,1345.3081
1163,1346.4649
1164,1347.6217
1165,1348.7785
1166,1349.9353
1167,1351.0921
1168,1352.2489
1169,1353.4056
1170,1354.5624
1171,1355.7191
1172,1356.8759
1173,1358.0326
1174,1359.1893
1175,1360.3460
1176,1361.5027
1177,1362.6594
1178,1363.8160
1179,1364.9727
1180,1366.1294
1181,1367.2860
1182,1368.4427
1183,1369.5993
1184,1370.7559
1185,1371.9125
1186,1373.0691
1187,1374.2257
1188,1375.3823
1189,1376.5388
1190,1377.6954
1191,1378.8519
1192,1380.0085
1193,1381.1650
1194,1382.3215
1195,1383.4780
1196,1384.6345
1197,1385.7910
1198,1386.9475
1199,1388.1040
1200,1389.2604
1201,1390.4169
1202,1391.5733
1203,1392.7298
1204,1393.8862
1205,1395.0426
1206,1396.1990
1207,1397.3554
1208,1398.5117
1209,1399.6681
1210,1400.8245
1211,1401.9808
1212,1403.1372
1213,1404.2935
1214,1405.4498
1215,1406.6061
1216,1407.7624
1217,1408.9187
1218,1410.0750
1219,1411.2312
1220,1412.3875
1221,1413.5437
1222,1414.7000
1223,1415.8562
1224,1417.0124
1225,1418.1686
1226,1419.3248
1227,1420.4810
1228,1421.6371
1229,1422.7933
1230,1423.9494
1231,1425.1056
1232,1426.2617
1233,1427.4178
1234,1428.5739
1235,1429.7300
1236,1430.8861
1237,1432.0422
1238,1433.1982
1239,1434.3543
1240,1435.5103
1241,1436.6663
1242,1437.8224
1243,1438.9784
1244,1440.1344
1245,1441.2903
1246,1442.4463
1247,1443.6023
1248,1444.7582
1249,1445.9142
1250,1447.0701
1251,1448.2260
1252,1449.3819
1253,1450.5378
1254,1451.6937
1255,1452.8496
1256,1454.0054
1257,1455.1613
1258,1456.3171
1259,1457.4729
1260,1458.6288
1261,1459.7846
1262,1460.9404
1263,1462.0961
1264,1463.2519
1265,1464.4077
1266,1465.5634
1267,1466.7191
1268,1467.8749
1269,1469.0306
1270,1470.1863
1271,1471.3420
1272,1472.4976
1273,1473.6533
1274,1474.8089
1275,1475.9646
1276,1477.1202
1277,1478.2758
1278,1479.4314
1279,1480.5870
1280,1481.7426
1281,1482.8982
1282,1484.0537
1283,1485.2093
1284,1486.3648
1285,1487.5203
1286,1488.6758
1287,1489.8313
1288,1490.9868
1289,1492.1423
1290,1493.2978
1291,1494.4532
1292,1495.6086
1293,1496.7641
1294,1497.9195
1295,1499.0749
1296,1500.2303
1297,1501.3856
1298,1502.5410
1299,1503.6963
1300,1504.8517
1301,1506.0070
1302,1507.1623
1303,1508.3176
1304,1509.4729
1305,1510.6282
1306,1511.7834
1307,1512.9387
1308,1514.0939
1309,1515.2491
1310,1516.4043
1311,1517.5595
1312,1518.7147
1313,1519.8699
1314,1521.0250
1315,1522.1802
1316,1523.3353
1317,1524.4904
1318,1525.6455
1319,1526.8006
1320,1527.9557
1321,1529.1108
1322,1530.2658
1323,1531.4209
1324,1532.5759
1325,1533.7309
1326,1534.8859
1327,1536.0409
1328,1537.1959
1329,1538.3508
1330,1539.5058
1331,1540.6607
1332,1541.8157
1333,1542.9706
1334,1544.1255
1335,1545.2803
1336,1546.4352
1337,1547.5901
1338,1548.7449
1339,1549.8997
1340,1551.0545
1341,1552.2093
1342,1553.3641
1343,1554.5189
1344,1555.6737
1345,1556.8284
1346,1557.9831
1347,1559.1379
1348,1560.2926
1349,1561.4472
1350,1562.6019
1351,1563.7566
1352,1564.9112
1353,1566.0659
1354,1567.2205
1355,1568.3751
1356,1569.5297
1357,1570.6843
1358,1571.8388
1359,1572.9934
1360,1574.1479
1361,1575.3024
1362,1576.4569
1363,1577.6114
1364,1578.7659
1365,1579.9204
1366,1581.0748
1367,1582.2293
1368,1583.3837
1369,1584.5381
1370,1585.6925
1371,1586.8469
1372,1588.0012
1373,1589.1556
1374,1590.3099
1375,1591.4642
1376,1592.6185
1377,1593.7728
1378,1594.9271
1379,1596.0814
1380,1597.2356
1381,1598.3898
1382,1599.5440
1383,1600.6982
1384,1601.8524
1385,1603.0066
1386,1604.1608
1387,1605.3149
1388,1606.4690
1389,1607.6231
1390,1608.7772
1391,1609.9313
1392,1611.0854
1393,1612.2394
1394,1613.3935
1395,1614.5475
1396,1615.7015
1397,1616.8555
1398,1618.0095
1399,1619.1634
1400,1620.3174
1401,1621.4713
1402,1622.6252
1403,1623.7791
1404,1624.9330
1405,1626.0868
1406,1627.2407
1407,1628.3945
1408,1629.5483
1409,1630.7022
1410,1631.8559
1411,1633.0097
1412,1634.1635
1413,1635.3172
1414,1636.4709
1415,1637.6246
1416,1638.7783
1417,1639.9320
1418,1641.0857
1419,1642.2393
1420,1643.3929
1421,1644.5466
1422,1645.7002
1423,1646.8537
1424,1648.0073
1425,1649.1608
1426,1650.3144
1427,1651.4679
1428,1652.6214
1429,1653.7749
1430,1654.9283
1431,1656.0818
1432,1657.2352
1433,1658.3886
1434,1659.5420
1435,1660.6954
1436,1661.8488
1437,1663.0022
1438,1664.1555
1439,1665.3088
1440,1666.4621
1441,1667.6154
1442,1668.7687
1443,1669.9219
1444,1671.0751
1445,1672.2284
1446,1673.3816
1447,1674.5347
1448,1675.6879
1449,1676.8411
1450,1677.9942
1451,1679.1473
1452,1680.3004
1453,1681.4535
1454,1682.6065
1455,1683.7596
1456,1684.9126
1457,1686.0656
1458,1687.2186
1459,1688.3716
1460,1689.5246
1461,1690.6775
1462,1691.8304
1463,1692.9833
1464,1694.1362
1465,1695.2891
1466,1696.4420
1467,1697.5948
1468,1698.7476
1469,1699.9004
1470,1701.0532
1471,1702.2060
1472,1703.3587
1473,1704.5115
1474,1705.6642
1475,1706.8169
1476,1707.9695
1477,1709.1222
1478,1710.2748
1479,1711.4275
1480,1712.5801
1481,1713.7327
1482,1714.8852
1483,1716.0378
1484,1717.1903
1485,1718.3428
1486,1719.4953
1487,1720.6478
1488,1721.8003
1489,1722.9527
1490,1724.1051
1491,1725.2575
1492,1726.4099
1493,1727.5623
1494,1728.7146
1495,1729.8670
1496,1731.0193
1497,1732.1716
1498,1733.3238
1499,1734.4761
1500,1735.6283
1501,1736.7806
1502,1737.9328
1503,1739.0849
1504,1740.2371
1505,1741.3892
1506,1742.5414
1507,1743.6935
1508,1744.8456
1509,1745.9976
1510,1747.1497
1511,1748.3017
1512,1749.4537
1513,1750.6057
1514,1751.7577
1515,1752.9096
1516,1754.0616
1517,1755.2135
1518,1756.3654
1519,1757.5172
1520,1758.6691
1521,1759.8209
1522,1760.9727
1523,1762.1245
1524,1763.2763
1525,1764.4281
1526,1765.5798
1527,1766.7315
1528,1767.8832
1529,1769.0349
1530,1770.1865
1531,1771.3382
1532,1772.4898
1533,1773.6414
1534,1774.7930
1535,1775.9445
1536,1777.0961
1537,1778.2476
1538,1779.3991
1539,1780.5506
1540,1781.7020
1541,1782.8535
1542,1784.0049
1543,1785.1563
1544,1786.3076
1545,1787.4590
1546,1788.6103
1547,1789.7616
1548,1790.9129
1549,1792.0642
1550,1793.2155
1551,1794.3667
1552,1795.5179
1553,1796.6691
1554,1797.8203
1555,1798.9714
1556,1800.1225
1557,1801.2736
1558,1802.4247
1559,1803.5758
1560,1804.7268
1561,1805.8779
1562,1807.0289
1563,1808.1798
1564,1809.3308
1565,1810.4817
1566,1811.6327
1567,1812.7836
1568,1813.9344
1569,1815.0853
1570,1816.2361
1571,1817.3869
1572,1818.5377
1573,1819.6885
1574,1820.8392
1575,1821.9899
1576,1823.1406
1577,1824.2913
1578,1825.4420
1579,1826.5926
1580,1827.7432
1581,1828.8938
1582,1830.0444
1583,1831.1950
1584,1832.3455
1585,1833.4960
1586,1834.6465
1587,1835.7969
1588,1836.9474
1589,1838.0978
1590,1839.2482
1591,1840.3986
1592,1841.5489
1593,1842.6992
1594,1843.8495
1595,1844.9998
1596,1846.1501
1597,1847.3003
1598,1848.4505
1599,1849.6007
1600,1850.7509
1601,1851.9011
1602,1853.0512
1603,1854.2013
1604,1855.3514
1605,1856.5014
1606,1857.6515
1607,1858.8015
1608,1859.9515
1609,1861.1014
1610,1862.2514
1611,1863.4013
1612,1864.5512
1613,1865.7011
1614,1866.8509
1615,1868.0007
1616,1869.1505
1617,1870.3003
1618,1871.4501
1619,1872.5998
1620,1873.7495
1621,1874.8992
1622,1876.0489
1623,1877.1985
1624,1878.3481
1625,1879.4977
1626,1880.6473
1627,1881.7968
1628,1882.9464
1629,1884.0959
1630,1885.2453
1631,1886.3948
1632,1887.5442
1633,1888.6936
1634,1889.8430
1635,1890.9924
1636,1892.1417
1637,1893.2910
1638,1894.4403
1639,1895.5895
1640,1896.7388
1641,1897.8880
1642,1899.0372
1643,1900.1863
1644,1901.3355
1645,1902.4846
1646,1903.6337
1647,1904.7827
1648,1905.9318
1649,1907.0808
1650,1908.2298
1651,1909.3787
1652,1910.5277
1653,1911.6766
1654,1912.8255
1655,1913.9743
1656,1915.1232
1657,1916.2720
1658,1917.4208
1659,1918.5696
1660,1919.7183
1661,1920.8670
1662,1922.0157
1663,1923.1644
1664,1924.3130
1665,1925.4616
1666,1926.6102
1667,1927.7588
1668,1928.9073
1669,1930.0558
1670,1931.2043
1671,1932.3528
1672,1933.5012
1673,1934.6496
1674,1935.7980
1675,1936.9464
1676,1938.0947
1677,1939.2430
1678,1940.3913
1679,1941.5395
1680,1942.6878
1681,1943.8360
1682,1944.9841
1683,1946.1323
1684,1947.2804
1685,1948.4285
1686,1949.5766
1687,1950.7246
1688,1951.8727
1689,1953.0206
1690,1954.1686
1691,1955.3166
1692,1956.4645
1693,1957.6124
1694,1958.7602
1695,1959.9081
1696,1961.0559
1697,1962.2036
1698,1963.3514
1699,1964.4991
1700,1965.6468
1701,1966.7945
1702,1967.9421
1703,1969.0898
1704,1970.2374
1705,1971.3849
1706,1972.5325
1707,1973.6800
1708,1974.8275
1709,1975.9749
1710,1977.1223
1711,1978.2697
1712,1979.4171
1713,1980.5645
1714,1981.7118
1715,1982.8591
1716,1984.0063
1717,1985.1536
1718,1986.3008
1719,1987.4480
1720,1988.5951
1721,1989.7423
1722,1990.8894
1723,1992.0364
1724,1993.1835
1725,1994.3305
1726,1995.4775
1727,1996.6244
1728,1997.7714
1729,1998.9183
1730,2000.0651
1731,2001.2120
1732,2002.3588
1733,2003.5056
1734,2004.6523
1735,2005.7991
1736,2006.9458
1737,2008.0924
1738,2009.2391
1739,2010.3857
1740,2011.5323
1741,2012.6789
1742,2013.8254
1743,2014.9719
1744,2016.1184
1745,2017.2648
1746,2018.4112
1747,2019.5576
1748,2020.7040
1749,2021.8503
1750,2022.9966
1751,2024.1429
1752,2025.2891
1753,2026.4353
1754,2027.5815
1755,2028.7277
1756,2029.8738
1757,2031.0199
1758,2032.1659
1759,2033.3120
1760,2034.4580
1761,2035.6040
1762,2036.7499
1763,2037.8958
1764,2039.0417
1765,2040.1876
1766,2041.3334
1767,2042.4792
1768,2043.6249
1769,2044.7707
1770,2045.9164
1771,2047.0621
1772,2048.2077
1773,2049.3533
1774,2050.4989
1775,2051.6445
1776,2052.7900
1777,2053.9355
1778,2055.0809
1779,2056.2264
1780,2057.3718
1781,2058.5172
1782,2059.6625
1783,2060.8078
1784,2061.9531
1785,2063.0983
1786,2064.2435
1787,2065.3887
1788,2066.5339
1789,2067.6790
1790,2068.8241
1791,2069.9692
1792,2071.1142
1793,2072.2592
1794,2073.4042
1795,2074.5491
1796,2075.6940
1797,2076.8389
1798,2077.9837
1799,2079.1285
1800,2080.2733
1801,2081.4181
1802,2082.5628
1803,2083.7075
1804,2084.8521
1805,2085.9967
1806,2087.1413
1807,2088.2859
1808,2089.4304
1809,2090.5749
1810,2091.7194
1811,2092.8638
1812,2094.0082
1813,2095.1526
1814,2096.2969
1815,2097.4412
1816,2098.5855
1817,2099.7297
1818,2100.8739
1819,2102.0181
1820,2103.1622
1821,2104.3063
1822,2105.4504
1823,2106.5944
1824,2107.7384
1825,2108.8824
1826,2110.0263
1827,2111.1702
1828,2112.3141
1829,2113.4580
1830,2114.6018
1831,2115.7456
1832,2116.8893
1833,2118.0330
1834,2119.1767
1835,2120.3203
1836,2121.4639
1837,2122.6075
1838,2123.7510
1839,2124.8946
1840,2126.0380
1841,2127.1815
1842,2128.3249
1843,2129.4683
1844,2130.6116
1845,2131.7549
1846,2132.8982
1847,2134.0414
1848,2135.1846
1849,2136.3278
1850,2137.4709
1851,2138.6140
1852,2139.7571
1853,2140.9001
1854,2142.0431
1855,2143.1861
1856,2144.3290
1857,2145.4719
1858,2146.6148
1859,2147.7576
1860,2148.9004
1861,2150.0432
1862,2151.1859
1863,2152.3286
1864,2153.4712
1865,2154.6138
1866,2155.7564
1867,2156.8990
1868,2158.0415
1869,2159.1840
1870,2160.3264
1871,2161.4688
1872,2162.6112
1873,2163.7535
1874,2164.8958
1875,2166.0381
1876,2167.1803
1877,2168.3225
1878,2169.4647
1879,2170.6068
1880,2171.7489
1881,2172.8909
1882,2174.0330
1883,2175.1749
1884,2176.3169
1885,2177.4588
1886,2178.6007
1887,2179.7425
1888,2180.8843
1889,2182.0261
1890,2183.1678
1891,2184.3095
1892,2185.4511
1893,2186.5928
1894,2187.7344
1895,2188.8759
1896,2190.0174
1897,2191.1589
1898,2192.3003
1899,2193.4417
1900,2194.5831
1901,2195.7244
1902,2196.8657
1903,2198.0070
1904,2199.1482
1905,2200.2893
1906,2201.4305
1907,2202.5716
1908,2203.7127
1909,2204.8537
1910,2205.9947
1911,2207.1356
1912,2208.2766
1913,2209.4174
1914,2210.5583
1915,2211.6991
1916,2212.8399
1917,2213.9806
1918,2215.1213
1919,2216.2619
1920,2217.4025
1921,2218.5431
1922,2219.6837
1923,2220.8242
1924,2221.9646
1925,2223.1051
1926,2224.2454
1927,2225.3858
1928,2226.5261
1929,2227.6664
1930,2228.8066
1931,2229.9468
1932,2231.0870
1933,2232.2271
1934,2233.3672
1935,2234.5072
1936,2235.6472
1937,2236.7872
1938,2237.9271
1939,2239.0670
1940,2240.2068
1941,2241.3467
1942,2242.4864
1943,2243.6262
1944,2244.7658
1945,2245.9055
1946,2247.0451
1947,2248.1847
1948,2249.3242
1949,2250.4637
1950,2251.6032
1951,2252.7426
1952,2253.8820
1953,2255.0213
1954,2256.1606
1955,2257.2998
1956,2258.4391
1957,2259.5782
1958,2260.7174
1959,2261.8565
1960,2262.9955
1961,2264.1345
1962,2265.2735
1963,2266.4125
1964,2267.5514
1965,2268.6902
1966,2269.8290
1967,2270.9678
1968,2272.1065
1969,2273.2452
1970,2274.3839
1971,2275.5225
1972,2276.6611
1973,2277.7996
1974,2278.9381
1975,2280.0765
1976,2281.2149
1977,2282.3533
1978,2283.4916
1979,2284.6299
1980,2285.7682
1981,2286.9064
1982,2288.0445
1983,2289.1826
1984,2290.3207
1985,2291.4588
1986,2292.5967
1987,2293.7347
1988,2294.8726
1989,2296.0105
1990,2297.1483
1991,2298.2861
1992,2299.4238
1993,2300.5615
1994,2301.6992
1995,2302.8368
1996,2303.9744
1997,2305.1119
1998,2306.2494
1999,2307.3869
2000,2308.5243
2001,2309.6616
2002,2310.7990
2003,2311.9362
2004,2313.0735
2005,2314.2107
2006,2315.3478
2007,2316.4849
2008,2317.6220
2009,2318.7590
2010,2319.8960
2011,2321.0329
2012,2322.1698
2013,2323.3067
2014,2324.4435
2015,2325.5802
2016,2326.7170
2017,2327.8536
2018,2328.9903
2019,2330.1269
2020,2331.2634
2021,2332.3999
2022,2333.5364
2023,2334.6728
2024,2335.8091
2025,2336.9455
2026,2338.0818
2027,2339.2180
2028,2340.3542
2029,2341.4903
2030,2342.6264
2031,2343.7625
2032,2344.8985
2033,2346.0345
2034,2347.1704
2035,2348.3063
2036,2349.4422
2037,2350.5780
2038,2351.7137
2039,2352.8494
2040,2353.9851
2041,2355.1207
2042,2356.2563
2043,2357.3918
2044,2358.5273
2045,2359.6627
2046,2360.7981
2047,2361.9334
2048,2363.0687
2049,2364.2040
2050,2365.3392
2051,2366.4744
2052,2367.6095
2053,2368.7446
2054,2369.8796
2055,2371.0146
2056,2372.1495
2057,2373.2844
2058,2374.4193
2059,2375.5541
2060,2376.6888
2061,2377.8235
2062,2378.9582
2063,2380.0928
2064,2381.2274
2065,2382.3619
2066,2383.4964
2067,2384.6308
2068,2385.7652
2069,2386.8995
2070,2388.0338
2071,2389.1680
2072,2390.3022
2073,2391.4364
2074,2392.5705
2075,2393.7045
2076,2394.8386
2077,2395.9725
2078,2397.1064
2079,2398.2403
2080,2399.3741
2081,2400.5079
2082,2401.6416
2083,2402.7753
2084,2403.9089
2085,2405.0425
2086,2406.1760
2087,2407.3095
2088,2408.4430
2089,2409.5764
2090,2410.7097
2091,2411.8430
2092,2412.9763
2093,2414.1095
2094,2415.2426
2095,2416.3757
2096,2417.5088
2097,2418.6418
2098,2419.7747
2099,2420.9076
2100,2422.0405
2101,2423.1733
2102,2424.3061
2103,2425.4388
2104,2426.5715
2105,2427.7041
2106,2428.8367
2107,2429.9692
2108,2431.1017
2109,2432.2341
2110,2433.3665
2111,2434.4988
2112,2435.6311
2113,2436.7633
2114,2437.8955
2115,2439.0276
2116,2440.1597
2117,2441.2917
2118,2442.4237
2119,2443.5556
2120,2444.6875
2121,2445.8193
2122,2446.9511
2123,2448.0828
2124,2449.2145
2125,2450.3461
2126,2451.4777
2127,2452.6092
2128,2453.7407
2129,2454.8721
2130,2456.0035
2131,2457.1349
2132,2458.2661
2133,2459.3974
2134,2460.5285
2135,2461.6597
2136,2462.7907
2137,2463.9218
2138,2465.0527
2139,2466.1837
2140,2467.3145
2141,2468.4453
2142,2469.5761
2143,2470.7068
2144,2471.8375
2145,2472.9681
2146,2474.0987
2147,2475.2292
2148,2476.3596
2149,2477.4901
2150,2478.6204
2151,2479.7507
2152,2480.8810
2153,2482.0112
2154,2483.1413
2155,2484.2714
2156,2485.4015
2157,2486.5315
2158,2487.6614
2159,2488.7913
2160,2489.9211
2161,2491.0509
2162,2492.1806
2163,2493.3103
2164,2494.4399
2165,2495.5695
2166,2496.6990
2167,2497.8285
2168,2498.9579
2169,2500.0873
2170,2501.2166
2171,2502.3458
2172,2503.4751
2173,2504.6042
2174,2505.7333
2175,2506.8623
2176,2507.9913
2177,2509.1203
2178,2510.2491
2179,2511.3780
2180,2512.5068
2181,2513.6355
2182,2514.7641
2183,2515.8928
2184,2517.0213
2185,2518.1498
2186,2519.2783
2187,2520.4067
2188,2521.5350
2189,2522.6633
2190,2523.7915
2191,2524.9197
2192,2526.0478
2193,2527.1759
2194,2528.3039
2195,2529.4319
2196,2530.5598
2197,2531.6877
2198,2532.8155
2199,2533.9432
2200,2535.0709
2201,2536.1985
2202,2537.3261
2203,2538.4536
2204,2539.5811
2205,2540.7085
2206,2541.8358
2207,2542.9631
2208,2544.0904
2209,2545.2176
2210,2546.3447
2211,2547.4718
2212,2548.5988
2213,2549.7258
2214,2550.8527
2215,2551.9795
2216,2553.1063
2217,2554.2331
2218,2555.3598
2219,2556.4864
2220,2557.6130
2221,2558.7395
2222,2559.8659
2223,2560.9924
2224,2562.1187
2225,2563.2450
2226,2564.3712
2227,2565.4974
2228,2566.6235
2229,2567.7496
2230,2568.8756
2231,2570.0015
2232,2571.1274
2233,2572.2533
2234,2573.3790
2235,2574.5048
2236,2575.6304
2237,2576.7560
2238,2577.8816
2239,2579.0071
2240,2580.1325
2241,2581.2579
2242,2582.3832
2243,2583.5084
2244,2584.6336
2245,2585.7588
2246,2586.8838
2247,2588.0089
2248,2589.1338
2249,2590.2587
2250,2591.3836
2251,2592.5084
2252,2593.6331
2253,2594.7578
2254,2595.8824
2255,2597.0070
2256,2598.1315
2257,2599.2559
2258,2600.3803
2259,2601.5046
2260,2602.6289
2261,2603.7531
2262,2604.8772
2263,2606.0013
2264,2607.1253
2265,2608.2493
2266,2609.3732
2267,2610.4970
2268,2611.6208
2269,2612.7445
2270,2613.8682
2271,2614.9918
2272,2616.1153
2273,2617.2388
2274,2618.3622
2275,2619.4856
2276,2620.6089
2277,2621.7322
2278,2622.8553
2279,2623.9785
2280,2625.1015
2281,2626.2245
2282,2627.3475
2283,2628.4704
2284,2629.5932
2285,2630.7159
2286,2631.8386
2287,2632.9613
2288,2634.0838
2289,2635.2064
2290,2636.3288
2291,2637.4512
2292,2638.5735
2293,2639.6958
2294,2640.8180
2295,2641.9401
2296,2643.0622
2297,2644.1842
2298,2645.3062
2299,2646.4281
2300,2647.5499
2301,2648.6717
2302,2649.7934
2303,2650.9151
2304,2652.0367
2305,2653.1582
2306,2654.2796
2307,2655.4010
2308,2656.5224
2309,2657.6437
2310,2658.7649
2311,2659.8860
2312,2661.0071
2313,2662.1281
2314,2663.2491
2315,2664.3700
2316,2665.4908
2317,2666.6116
2318,2667.7323
2319,2668.8529
2320,2669.9735
2321,2671.0940
2322,2672.2145
2323,2673.3349
2324,2674.4552
2325,2675.5755
2326,2676.6957
2327,2677.8158
2328,2678.9359
2329,2680.0559
2330,2681.1758
2331,2682.2957
2332,2683.4155
2333,2684.5352
2334,2685.6549
2335,2686.7746
2336,2687.8941
2337,2689.0136
2338,2690.1330
2339,2691.2524
2340,2692.3717
2341,2693.4909
2342,2694.6101
2343,2695.7292
2344,2696.8482
2345,2697.9672
2346,2699.0861
2347,2700.2049
2348,2701.3237
2349,2702.4424
2350,2703.5610
2351,2704.6796
2352,2705.7981
2353,2706.9166
2354,2708.0349
2355,2709.1533
2356,2710.2715
2357,2711.3897
2358,2712.5078
2359,2713.6258
2360,2714.7438
2361,2715.8617
2362,2716.9796
2363,2718.0974
2364,2719.2151
2365,2720.3327
2366,2721.4503
2367,2722.5678
2368,2723.6853
2369,2724.8026
2370,2725.9200
2371,2727.0372
2372,2728.1544
2373,2729.2715
2374,2730.3885
2375,2731.5055
2376,2732.6224
2377,2733.7393
2378,2734.8560
2379,2735.9727
2380,2737.0894
2381,2738.2059
2382,2739.3224
2383,2740.4389
2384,2741.5552
2385,2742.6715
2386,2743.7878
2387,2744.9039
2388,2746.0200
2389,2747.1360
2390,2748.2520
2391,2749.3679
2392,2750.4837
2393,2751.5994
2394,2752.7151
2395,2753.8307
2396,2754.9462
2397,2756.0617
2398,2757.1771
2399,2758.2924
2400,2759.4077
2401,2760.5229
2402,2761.6380
2403,2762.7531
2404,2763.8681
2405,2764.9830
2406,2766.0978
2407,2767.2126
2408,2768.3273
2409,2769.4419
2410,2770.5565
2411,2771.6710
2412,2772.7854
2413,2773.8997
2414,2775.0140
2415,2776.1282
2416,2777.2424
2417,2778.3564
2418,2779.4704
2419,2780.5844
2420,2781.6982
2421,2782.8120
2422,2783.9257
2423,2785.0394
2424,2786.1529
2425,2787.2664
2426,2788.3799
2427,2789.4932
2428,2790.6065
2429,2791.7197
2430,2792.8329
2431,2793.9459
2432,2795.0589
2433,2796.1719
2434,2797.2847
2435,2798.3975
2436,2799.5102
2437,2800.6228
2438,2801.7354
2439,2802.8479
2440,2803.9603
2441,2805.0727
2442,2806.1849
2443,2807.2971
2444,2808.4093
2445,2809.5213
2446,2810.6333
2447,2811.7452
2448,2812.8570
2449,2813.9688
2450,2815.0805
2451,2816.1921
2452,2817.3036
2453,2818.4151
2454,2819.5265
2455,2820.6378
2456,2821.7491
2457,2822.8603
2458,2823.9714
2459,2825.0824
2460,2826.1933
2461,2827.3042
2462,2828.4150
2463,2829.5257
2464,2830.6364
2465,2831.7470
2466,2832.8575
2467,2833.9679
2468,2835.0783
2469,2836.1885
2470,2837.2987
2471,2838.4089
2472,2839.5189
2473,2840.6289
2474,2841.7388
2475,2842.8486
2476,2843.9584
2477,2845.0681
2478,2846.1777
2479,2847.2872
2480,2848.3967
2481,2849.5060
2482,2850.6153
2483,2851.7246
2484,2852.8337
2485,2853.9428
2486,2855.0518
2487,2856.1607
2488,2857.2695
2489,2858.3783
2490,2859.4870
2491,2860.5956
2492,2861.7041
2493,2862.8126
2494,2863.9210
2495,2865.0293
2496,2866.1375
2497,2867.2457
2498,2868.3537
2499,2869.4617
2500,2870.5697
2501,2871.6775
2502,2872.7853
2503,2873.8929
2504,2875.0006
2505,2876.1081
2506,2877.2155
2507,2878.3229
2508,2879.4302
2509,2880.5374
2510,2881.6446
2511,2882.7516
2512,2883.8586
2513,2884.9655
2514,2886.0724
2515,2887.1791
2516,2888.2858
2517,2889.3924
2518,2890.4989
2519,2891.6053
2520,2892.7117
2521,2893.8179
2522,2894.9241
2523,2896.0303
2524,2897.1363
2525,2898.2423
2526,2899.3481
2527,2900.4539
2528,2901.5597
2529,2902.6653
2530,2903.7709
2531,2904.8763
2532,2905.9817
2533,2907.0871
2534,2908.1923
2535,2909.2975
2536,2910.4025
2537,2911.5075
2538,2912.6125
2539,2913.7173
2540,2914.8220
2541,2915.9267
2542,2917.0313
2543,2918.1358
2544,2919.2403
2545,2920.3446
2546,2921.4489
2547,2922.5531
2548,2923.6572
2549,2924.7612
2550,2925.8652
2551,2926.9690
2552,2928.0728
2553,2929.1765
2554,2930.2801
2555,2931.3837
2556,2932.4871
2557,2933.5905
2558,2934.6938
2559,2935.7970
2560,2936.9001
2561,2938.0032
2562,2939.1061
2563,2940.2090
2564,2941.3118
2565,2942.4145
2566,2943.5172
2567,2944.6197
2568,2945.7222
2569,2946.8246
2570,2947.9269
2571,2949.0291
2572,2950.1312
2573,2951.2333
2574,2952.3352
2575,2953.4371
2576,2954.5389
2577,2955.6406
2578,2956.7422
2579,2957.8438
2580,2958.9453
2581,2960.0466
2582,2961.1479
2583,2962.2491
2584,2963.3503
2585,2964.4513
2586,2965.5523
2587,2966.6531
2588,2967.7539
2589,2968.8546
2590,2969.9552
2591,2971.0558
2592,2972.1562
2593,2973.2566
2594,2974.3569
2595,2975.4571
2596,2976.5572
2597,2977.6572
2598,2978.7571
2599,2979.8570
2600,2980.9567
2601,2982.0564
2602,2983.1560
2603,2984.2555
2604,2985.3549
2605,2986.4543
2606,2987.5535
2607,2988.6527
2608,2989.7518
2609,2990.8507
2610,2991.9496
2611,2993.0485
2612,2994.1472
2613,2995.2458
2614,2996.3444
2615,2997.4429
2616,2998.5412
2617,2999.6395
2618,3000.7377
2619,3001.8359
2620,3002.9339
2621,3004.0318
2622,3005.1297
2623,3006.2275
2624,3007.3251
2625,3008.4227
2626,3009.5202
2627,3010.6177
2628,3011.7150
2629,3012.8122
2630,3013.9094
2631,3015.0064
2632,3016.1034
2633,3017.2003
2634,3018.2971
2635,3019.3938
2636,3020.4904
2637,3021.5870
2638,3022.6834
2639,3023.7798
2640,3024.8760
2641,3025.9722
2642,3027.0683
2643,3028.1643
2644,3029.2602
2645,3030.3560
2646,3031.4517
2647,3032.5474
2648,3033.6429
2649,3034.7384
2650,3035.8338
2651,3036.9290
2652,3038.0242
2653,3039.1193
2654,3040.2143
2655,3041.3092
2656,3042.4041
2657,3043.4988
2658,3044.5934
2659,3045.6880
2660,3046.7825
2661,3047.8768
2662,3048.9711
2663,3050.0653
2664,3051.1594
2665,3052.2534
2666,3053.3473
2667,3054.4411
2668,3055.5349
2669,3056.6285
2670,3057.7221
2671,3058.8155
2672,3059.9089
2673,3061.0022
2674,3062.0953
2675,3063.1884
2676,3064.2814
2677,3065.3743
2678,3066.4671
2679,3067.5598
2680,3068.6525
2681,3069.7450
2682,3070.8374
2683,3071.9298
2684,3073.0220
2685,3074.1142
2686,3075.2063
2687,3076.2982
2688,3077.3901
2689,3078.4819
2690,3079.5736
2691,3080.6652
2692,3081.7567
2693,3082.8481
2694,3083.9394
2695,3085.0307
2696,3086.1218
2697,3087.2128
2698,3088.3038
2699,3089.3946
2700,3090.4854
2701,3091.5760
2702,3092.6666
2703,3093.7570
2704,3094.8474
2705,3095.9377
2706,3097.0279
2707,3098.1180
2708,3099.2080
2709,3100.2978
2710,3101.3877
2711,3102.4774
2712,3103.5670
2713,3104.6565
2714,3105.7459
2715,3106.8352
2716,3107.9244
2717,3109.0136
2718,3110.1026
2719,3111.1915
2720,3112.2804
2721,3113.3691
2722,3114.4578
2723,3115.5463
2724,3116.6348
2725,3117.7232
2726,3118.8114
2727,3119.8996
2728,3120.9876
2729,3122.0756
2730,3123.1635
2731,3124.2513
2732,3125.3389
2733,3126.4265
2734,3127.5140
2735,3128.6014
2736,3129.6887
2737,3130.7759
2738,3131.8630
2739,3132.9500
2740,3134.0369
2741,3135.1236
2742,3136.2103
2743,3137.2969
2744,3138.3834
2745,3139.4699
2746,3140.5562
2747,3141.6424
2748,3142.7285
2749,3143.8145
2750,3144.9004
2751,3145.9862
2752,3147.0719
2753,3148.1575
2754,3149.2430
2755,3150.3284
2756,3151.4138
2757,3152.4990
2758,3153.5841
2759,3154.6691
2760,3155.7540
2761,3156.8388
2762,3157.9235
2763,3159.0081
2764,3160.0926
2765,3161.1771
2766,3162.2614
2767,3163.3456
2768,3164.4297
2769,3165.5137
2770,3166.5976
2771,3167.6814
2772,3168.7651
2773,3169.8487
2774,3170.9322
2775,3172.0156
2776,3173.0989
2777,3174.1821
2778,3175.2652
2779,3176.3482
2780,3177.4311
2781,3178.5139
2782,3179.5966
2783,3180.6792
2784,3181.7616
2785,3182.8440
2786,3183.9263
2787,3185.0085
2788,3186.0906
2789,3187.1725
2790,3188.2544
2791,3189.3362
2792,3190.4178
2793,3191.4994
2794,3192.5808
2795,3193.6622
2796,3194.7434
2797,3195.8246
2798,3196.9056
2799,3197.9866
2800,3199.0674
2801,3200.1481
2802,3201.2288
2803,3202.3093
2804,3203.3897
2805,3204.4700
2806,3205.5502
2807,3206.6303
2808,3207.7103
2809,3208.7902
2810,3209.8700
2811,3210.9497
2812,3212.0293
2813,3213.1088
2814,3214.1881
2815,3215.2674
2816,3216.3466
2817,3217.4256
2818,3218.5046
2819,3219.5834
2820,3220.6621
2821,3221.7408
2822,3222.8193
2823,3223.8977
2824,3224.9760
2825,3226.0542
2826,3227.1323
2827,3228.2103
2828,3229.2882
2829,3230.3660
2830,3231.4437
2831,3232.5213
2832,3233.5987
2833,3234.6761
2834,3235.7533
2835,3236.8305
2836,3237.9075
2837,3238.9844
2838,3240.0613
2839,3241.1380
2840,3242.2146
2841,3243.2911
2842,3244.3675
2843,3245.4437
2844,3246.5199
2845,3247.5960
2846,3248.6719
2847,3249.7478
2848,3250.8235
2849,3251.8991
2850,3252.9747
2851,3254.0501
2852,3255.1254
2853,3256.2006
2854,3257.2757
2855,3258.3507
2856,3259.4255
2857,3260.5003
2858,3261.5749
2859,3262.6495
2860,3263.7239
2861,3264.7982
2862,3265.8724
2863,3266.9465
2864,3268.0205
2865,3269.0944
2866,3270.1682
2867,3271.2419
2868,3272.3154
2869,3273.3888
2870,3274.4622
2871,3275.5354
2872,3276.6085
2873,3277.6815
2874,3278.7544
2875,3279.8272
2876,3280.8998
2877,3281.9724
2878,3283.0448
2879,3284.1172
2880,3285.1894
2881,3286.2615
2882,3287.3335
2883,3288.4054
2884,3289.4771
2885,3290.5488
2886,3291.6203
2887,3292.6918
2888,3293.7631
2889,3294.8343
2890,3295.9054
2891,3296.9764
2892,3298.0473
2893,3299.1180
2894,3300.1887
2895,3301.2592
2896,3302.3296
2897,3303.4000
2898,3304.4701
2899,3305.5402
2900,3306.6102
2901,3307.6801
2902,3308.7498
2903,3309.8194
2904,3310.8889
2905,3311.9583
2906,3313.0276
2907,3314.0968
2908,3315.1658
2909,3316.2348
2910,3317.3036
2911,3318.3723
2912,3319.4409
2913,3320.5094
2914,3321.5778
2915,3322.6460
2916,3323.7142
2917,3324.7822
2918,3325.8501
2919,3326.9179
2920,3327.9856
2921,3329.0531
2922,3330.1206
2923,3331.1879
2924,3332.2551
2925,3333.3222
2926,3334.3892
2927,3335.4561
2928,3336.5228
2929,3337.5895
2930,3338.6560
2931,3339.7224
2932,3340.7887
2933,3341.8548
2934,3342.9209
2935,3343.9868
2936,3345.0526
2937,3346.1183
2938,3347.1839
2939,3348.2494
2940,3349.3147
2941,3350.3799
2942,3351.4451
2943,3352.5100
2944,3353.5749
2945,3354.6397
2946,3355.7043
2947,3356.7688
2948,3357.8332
2949,3358.8975
2950,3359.9617
2951,3361.0257
2952,3362.0897
2953,3363.1535
2954,3364.2172
2955,3365.2807
2956,3366.3442
2957,3367.4075
2958,3368.4707
2959,3369.5338
2960,3370.5968
2961,3371.6597
2962,3372.7224
2963,3373.7850
2964,3374.8475
2965,3375.9099
2966,3376.9721
2967,3378.0343
2968,3379.0963
2969,3380.1582
2970,3381.2199
2971,3382.2816
2972,3383.3431
2973,3384.4045
2974,3385.4658
2975,3386.5270
2976,3387.5880
2977,3388.6490
2978,3389.7098
2979,3390.7705
2980,3391.8310
2981,3392.8915
2982,3393.9518
2983,3395.0120
2984,3396.0721
2985,3397.1320
2986,3398.1918
2987,3399.2515
2988,3400.3111
2989,3401.3706
2990,3402.4299
2991,3403.4891
2992,3404.5482
2993,3405.6072
2994,3406.6661
2995,3407.7248
2996,3408.7834
2997,3409.8419
2998,3410.9002
2999,3411.9585
3000,3413.0166
3001,3414.0745
3002,3415.1324
3003,3416.1901
3004,3417.2478
3005,3418.3052
3006,3419.3626
3007,3420.4198
3008,3421.4770
3009,3422.5340
3010,3423.5908
3011,3424.6476
3012,3425.7042
3013,3426.7607
3014,3427.8170
3015,3428.8733
3016,3429.9294
3017,3430.9854
3018,3432.0412
3019,3433.0970
3020,3434.1526
3021,3435.2081
3022,3436.2634
3023,3437.3187
3024,3438.3738
3025,3439.4288
3026,3440.4836
3027,3441.5384
3028,3442.5930
3029,3443.6474
3030,3444.7018
3031,3445.7560
3032,3446.8101
3033,3447.8641
3034,3448.9179
3035,3449.9716
3036,3451.0252
3037,3452.0787
3038,3453.1320
3039,3454.1852
3040,3455.2383
3041,3456.2912
3042,3457.3440
3043,3458.3967
3044,3459.4493
3045,3460.5017
3046,3461.5540
3047,3462.6062
3048,3463.6583
3049,3464.7102
3050,3465.7620
3051,3466.8136
3052,3467.8652
3053,3468.9166
3054,3469.9678
3055,3471.0190
3056,3472.0700
3057,3473.1209
3058,3474.1716
3059,3475.2223
3060,3476.2728
3061,3477.3231
3062,3478.3734
3063,3479.4235
3064,3480.4734
3065,3481.5233
3066,3482.5730
3067,3483.6226
3068,3484.6720
3069,3485.7214
3070,3486.7705
3071,3487.8196
3072,3488.8685
3073,3489.9173
3074,3490.9660
3075,3492.0145
3076,3493.0629
3077,3494.1112
3078,3495.1593
3079,3496.2073
3080,3497.2552
3081,3498.3030
3082,3499.3506
3083,3500.3980
3084,3501.4454
3085,3502.4926
3086,3503.5397
3087,3504.5866
3088,3505.6334
3089,3506.6801
3090,3507.7267
3091,3508.7731
3092,3509.8193
3093,3510.8655
3094,3511.9115
3095,3512.9574
3096,3514.0031
3097,3515.0487
3098,3516.0942
3099,3517.1396
3100,3518.1848
3101,3519.2298
3102,3520.2748
3103,3521.3196
3104,3522.3643
3105,3523.4088
3106,3524.4532
3107,3525.4975
3108,3526.5416
3109,3527.5856
3110,3528.6294
3111,3529.6732
3112,3530.7167
3113,3531.7602
3114,3532.8035
3115,3533.8467
3116,3534.8897
3117,3535.9326
3118,3536.9754
3119,3538.0181
3120,3539.0606
3121,3540.1029
3122,3541.1451
3123,3542.1872
3124,3543.2292
3125,3544.2710
3126,3545.3127
3127,3546.3542
3128,3547.3956
3129,3548.4369
3130,3549.4780
3131,3550.5190
3132,3551.5599
3133,3552.6006
3134,3553.6412
3135,3554.6816
3136,3555.7219
3137,3556.7621
3138,3557.8021
3139,3558.8420
3140,3559.8817
3141,3560.9213
3142,3561.9608
3143,3563.0001
3144,3564.0393
3145,3565.0784
3146,3566.1173
3147,3567.1560
3148,3568.1947
3149,3569.2332
3150,3570.2715
3151,3571.3097
3152,3572.3478
3153,3573.3857
3154,3574.4235
3155,3575.4612
3156,3576.4987
3157,3577.5361
3158,3578.5733
3159,3579.6104
3160,3580.6473
3161,3581.6842
3162,3582.7208
3163,3583.7574
3164,3584.7937
3165,3585.8300
3166,3586.8661
3167,3587.9020
3168,3588.9379
3169,3589.9735
3170,3591.0091
3171,3592.0445
3172,3593.0797
3173,3594.1148
3174,3595.1498
3175,3596.1846
3176,3597.2193
3177,3598.2538
3178,3599.2882
3179,3600.3225
3180,3601.3566
3181,3602.3906
3182,3603.4244
3183,3604.4581
3184,3605.4916
3185,3606.5250
3186,3607.5582
3187,3608.5913
3188,3609.6243
3189,3610.6571
3190,3611.6898
3191,3612.7223
3192,3613.7547
3193,3614.7869
3194,3615.8190
3195,3616.8510
3196,3617.8828
3197,3618.9144
3198,3619.9459
3199,3620.9773
3200,3622.0085
3201,3623.0396
3202,3624.0705
3203,3625.1013
3204,3626.1320
3205,3627.1625
3206,3628.1928
3207,3629.2230
3208,3630.2531
3209,3631.2830
3210,3632.3127
3211,3633.3424
3212,3634.3718
3213,3635.4012
3214,3636.4303
3215,3637.4594
3216,3638.4882
3217,3639.5170
3218,3640.5456
3219,3641.5740
3220,3642.6023
3221,3643.6304
3222,3644.6584
3223,3645.6863
3224,3646.7140
3225,3647.7415
3226,3648.7689
3227,3649.7962
3228,3650.8233
3229,3651.8502
3230,3652.8771
3231,3653.9037
3232,3654.9302
3233,3655.9566
3234,3656.9828
3235,3658.0089
3236,3659.0348
3237,3660.0605
3238,3661.0862
3239,3662.1116
3240,3663.1369
3241,3664.1621
3242,3665.1871
3243,3666.2120
3244,3667.2367
3245,3668.2613
3246,3669.2857
3247,3670.3099
3248,3671.3340
3249,3672.3580
3250,3673.3818
3251,3674.4055
3252,3675.4290
3253,3676.4523
3254,3677.4755
3255,3678.4986
3256,3679.5215
3257,3680.5442
3258,3681.5668
3259,3682.5893
3260,3683.6116
3261,3684.6337
3262,3685.6557
3263,3686.6775
3264,3687.6992
3265,3688.7207
3266,3689.7421
3267,3690.7633
3268,3691.7844
3269,3692.8053
3270,3693.8261
3271,3694.8467
3272,3695.8672
3273,3696.8875
3274,3697.9076
3275,3698.9276
3276,3699.9474
3277,3700.9671
3278,3701.9867
3279,3703.0060
3280,3704.0253
3281,3705.0443
3282,3706.0632
3283,3707.0820
3284,3708.1006
3285,3709.1191
3286,3710.1373
3287,3711.1555
3288,3712.1735
3289,3713.1913
3290,3714.2090
3291,3715.2265
3292,3716.2438
3293,3717.2610
3294,3718.2781
3295,3719.2950
3296,3720.3117
3297,3721.3283
3298,3722.3447
3299,3723.3610
3300,3724.3771
3301,3725.3930
3302,3726.4088
3303,3727.4245
3304,3728.4399
3305,3729.4553
3306,3730.4704
3307,3731.4854
3308,3732.5003
3309,3733.5150
3310,3734.5295
3311,3735.5439
3312,3736.5581
3313,3737.5721
3314,3738.5860
3315,3739.5998
3316,3740.6134
3317,3741.6268
3318,3742.6400
3319,3743.6531
3320,3744.6661
3321,3745.6789
3322,3746.6915
3323,3747.7040
3324,3748.7163
3325,3749.7284
3326,3750.7404
3327,3751.7522
3328,3752.7639
3329,3753.7754
3330,3754.7867
3331,3755.7979
3332,3756.8090
3333,3757.8198
3334,3758.8305
3335,3759.8411
3336,3760.8514
3337,3761.8617
3338,3762.8717
3339,3763.8816
3340,3764.8913
3341,3765.9009
3342,3766.9103
3343,3767.9196
3344,3768.9287
3345,3769.9376
3346,3770.9464
3347,3771.9550
3348,3772.9634
3349,3773.9717
3350,3774.9798
3351,3775.9877
3352,3776.9955
3353,3778.0031
3354,3779.0106
3355,3780.0179
3356,3781.0250
3357,3782.0320
3358,3783.0388
3359,3784.0454
3360,3785.0519
3361,3786.0582
3362,3787.0644
3363,3788.0703
3364,3789.0762
3365,3790.0818
3366,3791.0873
3367,3792.0926
3368,3793.0978
3369,3794.1028
3370,3795.1076
3371,3796.1123
3372,3797.1168
3373,3798.1211
3374,3799.1253
3375,3800.1293
3376,3801.1331
3377,3802.1368
3378,3803.1403
3379,3804.1436
3380,3805.1468
3381,3806.1498
3382,3807.1526
3383,3808.1553
3384,3809.1578
3385,3810.1601
3386,3811.1623
3387,3812.1643
3388,3813.1662
3389,3814.1678
3390,3815.1693
3391,3816.1706
3392,3817.1718
3393,3818.1728
3394,3819.1736
3395,3820.1743
3396,3821.1748
3397,3822.1751
3398,3823.1753
3399,3824.1752
3400,3825.1751
3401,3826.1747
3402,3827.1742
3403,3828.1735
3404,3829.1726
3405,3830.1716
3406,3831.1704
3407,3832.1690
3408,3833.1675
3409,3834.1658
3410,3835.1639
3411,3836.1618
3412,3837.1596
3413,3838.1572
3414,3839.1547
3415,3840.1519
3416,3841.1490
3417,3842.1460
3418,3843.1427
3419,3844.1393
3420,3845.1357
3421,3846.1320
3422,3847.1280
3423,3848.1239
3424,3849.1197
3425,3850.1152
3426,3851.1106
3427,3852.1058
3428,3853.1008
3429,3854.0957
3430,3855.0904
3431,3856.0849
3432,3857.0793
3433,3858.0734
3434,3859.0674
3435,3860.0613
3436,3861.0549
3437,3862.0484
3438,3863.0417
3439,3864.0348
3440,3865.0278
3441,3866.0206
3442,3867.0132
3443,3868.0056
3444,3868.9979
3445,3869.9900
3446,3870.9819
3447,3871.9736
3448,3872.9652
3449,3873.9566
3450,3874.9478
3451,3875.9388
3452,3876.9297
3453,3877.9204
3454,3878.9109
3455,3879.9012
3456,3880.8914
3457,3881.8814
3458,3882.8712
3459,3883.8608
3460,3884.8503
3461,3885.8396
3462,3886.8287
3463,3887.8176
3464,3888.8064
3465,3889.7949
3466,3890.7833
3467,3891.7716
3468,3892.7596
3469,3893.7475
3470,3894.7351
3471,3895.7227
3472,3896.7100
3473,3897.6971
3474,3898.6841
3475,3899.6709
3476,3900.6575
3477,3901.6440
3478,3902.6302
3479,3903.6163
3480,3904.6022
3481,3905.5880
3482,3906.5735
3483,3907.5589
3484,3908.5441
3485,3909.5291
3486,3910.5139
3487,3911.4986
3488,3912.4830
3489,3913.4673
3490,3914.4514
3491,3915.4354
3492,3916.4191
3493,3917.4027
3494,3918.3861
3495,3919.3693
3496,3920.3523
3497,3921.3351
3498,3922.3178
3499,3923.3003
3500,3924.2826
3501,3925.2647
3502,3926.2467
3503,3927.2284
3504,3928.2100
3505,3929.1914
3506,3930.1726
3507,3931.1536
3508,3932.1345
3509,3933.1151
3510,3934.0956
3511,3935.0759
3512,3936.0561
3513,3937.0360
3514,3938.0157
3515,3938.9953
3516,3939.9747
3517,3940.9539
3518,3941.9329
3519,3942.9117
3520,3943.8904
3521,3944.8689
3522,3945.8471
3523,3946.8252
3524,3947.8032
3525,3948.7809
3526,3949.7584
3527,3950.7358
3528,3951.7130
3529,3952.6899
3530,3953.6668
3531,3954.6434
3532,3955.6198
3533,3956.5961
3534,3957.5721
3535,3958.5480
3536,3959.5237
3537,3960.4992
3538,3961.4745
3539,3962.4496
3540,3963.4246
3541,3964.3993
3542,3965.3739
3543,3966.3483
3544,3967.3225
3545,3968.2965
3546,3969.2703
3547,3970.2440
3548,3971.2174
3549,3972.1907
3550,3973.1638
3551,3974.1366
3552,3975.1093
3553,3976.0819
3554,3977.0542
3555,3978.0263
3556,3978.9983
3557,3979.9700
3558,3980.9416
3559,3981.9130
3560,3982.8842
3561,3983.8552
3562,3984.8260
3563,3985.7966
3564,3986.7670
3565,3987.7373
3566,3988.7073
3567,3989.6772
3568,3990.6469
3569,3991.6163
3570,3992.5856
3571,3993.5547
3572,3994.5237
3573,3995.4924
3574,3996.4609
3575,3997.4292
3576,3998.3974
3577,3999.3654
3578,4000.3331
3579,4001.3007
3580,4002.2681
3581,4003.2353
3582,4004.2023
3583,4005.1691
3584,4006.1357
3585,4007.1021
3586,4008.0683
3587,4009.0344
3588,4010.0002
3589,4010.9659
3590,4011.9313
3591,4012.8966
3592,4013.8617
3593,4014.8266
3594,4015.7913
3595,4016.7557
3596,4017.7200
3597,4018.6842
3598,4019.6481
3599,4020.6118
3600,4021.5753
3601,4022.5386
3602,4023.5018
3603,4024.4647
3604,4025.4275
3605,4026.3900
3606,4027.3524
3607,4028.3145
3608,4029.2765
3609,4030.2383
3610,4031.1998
3611,4032.1612
3612,4033.1224
3613,4034.0834
3614,4035.0442
3615,4036.0048
3616,4036.9652
3617,4037.9254
3618,4038.8854
3619,4039.8452
3620,4040.8048
3621,4041.7642
3622,4042.7234
3623,4043.6825
3624,4044.6413
3625,4045.5999
3626,4046.5583
3627,4047.5166
3628,4048.4746
3629,4049.4324
3630,4050.3901
3631,4051.3475
3632,4052.3047
3633,4053.2618
3634,4054.2186
3635,4055.1753
3636,4056.1317
3637,4057.0880
3638,4058.0440
3639,4058.9999
3640,4059.9555
3641,4060.9110
3642,4061.8662
3643,4062.8212
3644,4063.7761
3645,4064.7307
3646,4065.6852
3647,4066.6394
3648,4067.5935
3649,4068.5473
3650,4069.5010
3651,4070.4544
3652,4071.4077
3653,4072.3607
3654,4073.3136
3655,4074.2662
3656,4075.2186
3657,4076.1709
3658,4077.1229
3659,4078.0747
3660,4079.0264
3661,4079.9778
3662,4080.9290
3663,4081.8800
3664,4082.8309
3665,4083.7815
3666,4084.7319
3667,4085.6821
3668,4086.6321
3669,4087.5819
3670,4088.5315
3671,4089.4809
3672,4090.4301
3673,4091.3791
3674,4092.3279
3675,4093.2765
3676,4094.2248
3677,4095.0000
3678,4095.0000
3679,4095.0000
3680,4095.0000
3681,4095.0000
3682,4095.0000
3683,4095.0000
3684,4095.0000
3685,4095.0000
3686,4095.0000
3687,4095.0000
3688,4095.0000
3689,4095.0000
3690,4095.0000
3691,4095.0000
3692,4095.0000
3693,4095.0000
3694,4095.0000
3695,4095.0000
3696,4095.0000
3697,4095.0000
3698,4095.0000
3699,4095.0000
3700,4095.0000
3701,4095.0000
3702,4095.0000
3703,4095.0000
3704,4095.0000
3705,4095.0000
3706,4095.0000
3707,4095.0000
3708,4095.0000
3709,4095.0000
3710,4095.0000
3711,4095.0000
3712,4095.0000
3713,4095.0000
3714,4095.0000
3715,4095.0000
3716,4095.0000
3717,4095.0000
3718,4095.0000
3719,4095.0000
3720,4095.0000
3721,4095.0000
3722,4095.0000
3723,4095.0000
3724,4095.0000
3725,4095.0000
3726,4095.0000
3727,4095.0000
3728,4095.0000
3729,4095.0000
3730,4095.0000
3731,4095.0000
3732,4095.0000
3733,4095.0000
3734,4095.0000
3735,4095.0000
3736,4095.0000
3737,4095.0000
3738,4095.0000
3739,4095.0000
3740,4095.0000
3741,4095.0000
3742,4095.0000
3743,4095.0000
3744,4095.0000
3745,4095.0000
3746,4095.0000
3747,4095.0000
3748,4095.0000
3749,4095.0000
3750,4095.0000
3751,4095.0000
3752,4095.0000
3753,4095.0000
3754,4095.0000
3755,4095.0000
3756,4095.0000
3757,4095.0000
3758,4095.0000
3759,4095.0000
3760,4095.0000
3761,4095.0000
3762,4095.0000
3763,4095.0000
3764,4095.0000
3765,4095.0000
3766,4095.0000
3767,4095.0000
3768,4095.0000
3769,4095.0000
3770,4095.0000
3771,4095.0000
3772,4095.0000
3773,4095.0000
3774,4095.0000
3775,4095.0000
3776,4095.0000
3777,4095.0000
3778,4095.0000
3779,4095.0000
3780,4095.0000
3781,4095.0000
3782,4095.0000
3783,4095.0000
3784,4095.0000
3785,4095.0000
3786,4095.0000
3787,4095.0000
3788,4095.0000
3789,4095.0000
3790,4095.0000
3791,4095.0000
3792,4095.0000
3793,4095.0000
3794,4095.0000
3795,4095.0000
3796,4095.0000
3797,4095.0000
3798,4095.0000
3799,4095.0000
3800,4095.0000
3801,4095.0000
3802,4095.0000
3803,4095.0000
3804,4095.0000
3805,4095.0000
3806,4095.0000
3807,4095.0000
3808,4095.0000
3809,4095.0000
3810,4095.0000
3811,4095.0000
3812,4095.0000
3813,4095.0000
3814,4095.0000
3815,4095.0000
3816,4095.0000
3817,4095.0000
3818,4095.0000
3819,4095.0000
3820,4095.0000
3821,4095.0000
3822,4095.0000
3823,4095.0000
3824,4095.0000
3825,4095.0000
3826,4095.0000
3827,4095.0000
3828,4095.0000
3829,4095.0000
3830,4095.0000
3831,4095.0000
3832,4095.0000
3833,4095.0000
3834,4095.0000
3835,4095.0000
3836,4095.0000
3837,4095.0000
3838,4095.0000
3839,4095.0000
3840,4095.0000
3841,4095.0000
3842,4095.0000
3843,4095.0000
3844,4095.0000
3845,4095.0000
3846,4095.0000
3847,4095.0000
3848,4095.0000
3849,4095.0000
3850,4095.0000
3851,4095.0000
3852,4095.0000
3853,4095.0000
3854,4095.0000
3855,4095.0000
3856,4095.0000
3857,4095.0000
3858,4095.0000
3859,4095.0000
3860,4095.0000
3861,4095.0000
3862,4095.0000
3863,4095.0000
3864,4095.0000
3865,4095.0000
3866,4095.0000
3867,4095.0000
3868,4095.0000
3869,4095.0000
3870,4095.0000
3871,4095.0000
3872,4095.0000
3873,4095.0000
3874,4095.0000
3875,4095.0000
3876,4095.0000
3877,4095.0000
3878,4095.0000
3879,4095.0000
3880,4095.0000
3881,4095.0000
3882,4095.0000
3883,4095.0000
3884,4095.0000
3885,4095.0000
3886,4095.0000
3887,4095.0000
3888,4095.0000
3889,4095.0000
3890,4095.0000
3891,4095.0000
3892,4095.0000
3893,4095.0000
3894,4095.0000
3895,4095.0000
3896,4095.0000
3897,4095.0000
3898,4095.0000
3899,4095.0000
3900,4095.0000
3901,4095.0000
3902,4095.0000
3903,4095.0000
3904,4095.0000
3905,4095.0000
3906,4095.0000
3907,4095.0000
3908,4095.0000
3909,4095.0000
3910,4095.0000
3911,4095.0000
3912,4095.0000
3913,4095.0000
3914,4095.0000
3915,4095.0000
3916,4095.0000
3917,4095.0000
3918,4095.0000
3919,4095.0000
3920,4095.0000
3921,4095.0000
3922,4095.0000
3923,4095.0000
3924,4095.0000
3925,4095.0000
3926,4095.0000
3927,4095.0000
3928,4095.0000
3929,4095.0000
3930,4095.0000
3931,4095.0000
3932,4095.0000
3933,4095.0000
3934,4095.0000
3935,4095.0000
3936,4095.0000
3937,4095.0000
3938,4095.0000
3939,4095.0000
3940,4095.0000
3941,4095.0000
3942,4095.0000
3943,4095.0000
3944,4095.0000
3945,4095.0000
3946,4095.0000
3947,4095.0000
3948,4095.0000
3949,4095.0000
3950,4095.0000
3951,4095.0000
3952,4095.0000
3953,4095.0000
3954,4095.0000
3955,4095.0000
3956,4095.0000
3957,4095.0000
3958,4095.0000
3959,4095.0000
3960,4095.0000
3961,4095.0000
3962,4095.0000
3963,4095.0000
3964,4095.0000
3965,4095.0000
3966,4095.0000
3967,4095.0000
3968,4095.0000
3969,4095.0000
3970,4095.0000
3971,4095.0000
3972,4095.0000
3973,4095.0000
3974,4095.0000
3975,4095.0000
3976,4095.0000
3977,4095.0000
3978,4095.0000
3979,4095.0000
3980,4095.0000
3981,4095.0000
3982,4095.0000
3983,4095.0000
3984,4095.0000
3985,4095.0000
3986,4095.0000
3987,4095.0000
3988,4095.0000
3989,4095.0000
3990,4095.0000
3991,4095.0000
3992,4095.0000
3993,4095.0000
3994,4095.0000
3995,4095.0000
3996,4095.0000
3997,4095.0000
3998,4095.0000
3999,4095.0000
4000,4095.0000
4001,4095.0000
4002,4095.0000
4003,4095.0000
4004,4095.0000
4005,4095.0000
4006,4095.0000
4007,4095.0000
4008,4095.0000
4009,4095.0000
4010,4095.0000
4011,4095.0000
4012,4095.0000
4013,4095.0000
4014,4095.0000
4015,4095.0000
4016,4095.0000
4017,4095.0000
4018,4095.0000
4019,4095.0000
4020,4095.0000
4021,4095.0000
4022,4095.0000
4023,4095.0000
4024,4095.0000
4025,4095.0000
4026,4095.0000
4027,4095.0000
4028,4095.0000
4029,4095.0000
4030,4095.0000
4031,4095.0000
4032,4095.0000
4033,4095.0000
4034,4095.0000
4035,4095.0000
4036,4095.0000
4037,4095.0000
4038,4095.0000
4039,4095.0000
4040,4095.0000
4041,4095.0000
4042,4095.0000
4043,4095.0000
4044,4095.0000
4045,4095.0000
4046,4095.0000
4047,4095.0000
4048,4095.0000
4049,4095.0000
4050,4095.0000
4051,4095.0000
4052,4095.0000
4053,4095.0000
4054,4095.0000
4055,4095.0000
4056,4095.0000
4057,4095.0000
4058,4095.0000
4059,4095.0000
4060,4095.0000
4061,4095.0000
4062,4095.0000
4063,4095.0000
4064,4095.0000
4065,4095.0000
4066,4095.0000
4067,4095.0000
4068,4095.0000
4069,4095.0000
4070,4095.0000
4071,4095.0000
4072,4095.0000
4073,4095.0000
4074,4095.0000
4075,4095.0000
4076,4095.0000
4077,4095.0000
4078,4095.0000
4079,4095.0000
4080,4095.0000
4081,4095.0000
4082,4095.0000
4083,4095.0000
4084,4095.0000
4085,4095.0000
4086,4095.0000
4087,4095.0000
4088,4095.0000
4089,4095.0000
4090,4095.0000
4091,4095.0000
4092,4095.0000
4093,4095.0000
4094,4095.0000
4095,4095.0000
